state,year,rainfall_mm,mean_temperature_c,drought_days,extreme_wet_days,rainfall_anomaly_mm
Andhra Pradesh,2000,967.97,27.80770491803279,160,25,68.0238461538462
Andhra Pradesh,2001,822.97,28.266876712328767,140,19,-76.9761538461538
Andhra Pradesh,2002,735.8,28.372602739726027,181,16,-164.14615384615388
Andhra Pradesh,2003,751.58,28.427479452054797,169,10,-148.3661538461538
Andhra Pradesh,2004,683.46,27.825792349726775,153,13,-216.4861538461538
Andhra Pradesh,2005,1058.82,27.888164383561644,127,22,158.8738461538461
Andhra Pradesh,2006,1095.07,27.764219178082193,154,18,195.1238461538461
Andhra Pradesh,2007,992.97,27.43580821917808,166,18,93.0238461538462
Andhra Pradesh,2008,957.66,27.94103825136612,165,20,57.713846153846134
Andhra Pradesh,2009,800.1,28.411178082191782,179,19,-99.84615384615381
Andhra Pradesh,2010,1253.68,27.92649315068493,160,26,353.73384615384623
Andhra Pradesh,2011,561.78,28.344520547945205,193,8,-338.16615384615386
Andhra Pradesh,2012,885.54,28.273469945355192,175,22,-14.40615384615387
Andhra Pradesh,2013,1052.41,27.699424657534248,173,21,152.46384615384625
Andhra Pradesh,2014,711.25,28.278027397260274,179,16,-188.69615384615383
Andhra Pradesh,2015,671.3100000000001,28.36986301369863,141,9,-228.63615384615377
Andhra Pradesh,2016,741.35,28.30658469945355,179,12,-158.5961538461538
Andhra Pradesh,2017,846.24,28.304054794520546,146,17,-53.706153846153825
Andhra Pradesh,2018,585.45,28.659890410958905,155,11,-314.4961538461538
Andhra Pradesh,2019,963.49,28.47002739726027,128,23,63.543846153846175
Andhra Pradesh,2020,1173.67,27.889207650273224,115,24,273.72384615384624
Andhra Pradesh,2021,982.73,27.856109589041093,103,19,82.78384615384618
Andhra Pradesh,2022,1000.18,27.66317808219178,127,24,100.23384615384612
Andhra Pradesh,2023,926.28,28.50476712328767,132,16,26.33384615384614
Andhra Pradesh,2024,1042.32,28.42661202185792,141,24,142.3738461538461
Andhra Pradesh,2025,1134.52,27.646739726027395,125,23,234.57384615384615
Arunachal Pradesh,2000,2071.65,21.420601092896174,100,19,35.898076923076815
Arunachal Pradesh,2001,1523.77,21.999260273972602,99,8,-511.9819230769233
Arunachal Pradesh,2002,1754.1499999999999,21.886383561643836,94,15,-281.6019230769234
Arunachal Pradesh,2003,1975.41,21.638493150684933,87,16,-60.341923076923194
Arunachal Pradesh,2004,2377.11,21.189344262295084,105,27,341.35807692307685
Arunachal Pradesh,2005,1857.93,21.555123287671233,96,16,-177.8219230769232
Arunachal Pradesh,2006,1673.96,22.151260273972603,92,15,-361.79192307692324
Arunachal Pradesh,2007,2380.73,21.51254794520548,130,25,344.97807692307674
Arunachal Pradesh,2008,2055.86,21.34857923497268,99,15,20.10807692307685
Arunachal Pradesh,2009,1884.85,21.82158904109589,126,20,-150.90192307692337
Arunachal Pradesh,2010,2520.65,21.58843835616438,119,24,484.8980769230768
Arunachal Pradesh,2011,1984.93,21.289616438356166,113,24,-50.82192307692321
Arunachal Pradesh,2012,2214.91,21.56415300546448,109,26,179.15807692307658
Arunachal Pradesh,2013,1973.76,22.171205479452055,134,19,-61.991923076923285
Arunachal Pradesh,2014,1944.09,22.402356164383562,123,20,-91.66192307692336
Arunachal Pradesh,2015,2194.07,22.302739726027397,108,21,158.3180769230769
Arunachal Pradesh,2016,1916.9,22.606147540983606,102,12,-118.85192307692319
Arunachal Pradesh,2017,2281.23,22.48704109589041,107,22,245.47807692307674
Arunachal Pradesh,2018,1892.41,22.01895890410959,98,10,-143.3419230769232
Arunachal Pradesh,2019,2188.67,21.973589041095888,100,21,152.9180769230768
Arunachal Pradesh,2020,2292.38,21.7696174863388,83,15,256.62807692307683
Arunachal Pradesh,2021,1748.65,22.096246575342466,109,13,-287.1019230769232
Arunachal Pradesh,2022,2207.53,21.619342465753427,103,17,171.77807692307692
Arunachal Pradesh,2023,1941.04,22.280246575342467,111,15,-94.71192307692331
Arunachal Pradesh,2024,1968.73,22.177677595628413,108,20,-67.02192307692326
Arunachal Pradesh,2025,2104.18,22.111452054794523,96,20,68.42807692307656
Assam,2000,1346.39,23.753524590163938,108,18,-31.771538461538285
Assam,2001,1019.85,24.38931506849315,112,9,-358.31153846153836
Assam,2002,1257.64,24.342931506849315,111,13,-120.52153846153828
Assam,2003,1314.5,24.033397260273976,90,13,-63.661538461538385
Assam,2004,1553.87,23.545081967213115,119,26,175.7084615384615
Assam,2005,1326.84,24.11917808219178,93,16,-51.321538461538466
Assam,2006,1051.3,24.74958904109589,121,11,-326.86153846153843
Assam,2007,1541.44,23.679890410958905,135,28,163.27846153846167
Assam,2008,1346.2,23.72174863387978,114,13,-31.96153846153834
Assam,2009,1298.52,24.335068493150683,134,20,-79.6415384615384
Assam,2010,1786.49,23.896520547945205,119,31,408.3284615384616
Assam,2011,1417.74,23.554109589041097,110,27,39.578461538461625
Assam,2012,1554.07,23.961584699453553,113,23,175.90846153846155
Assam,2013,1475.53,24.339726027397262,132,26,97.36846153846159
Assam,2014,1299.32,24.863013698630137,129,23,-78.84153846153845
Assam,2015,1678.8,24.60731506849315,112,24,300.63846153846157
Assam,2016,1458.79,24.926775956284153,82,16,80.62846153846158
Assam,2017,1770.47,24.547205479452053,109,24,392.30846153846164
Assam,2018,1326.12,24.207698630136985,92,12,-52.041538461538494
Assam,2019,1523.33,24.369315068493147,93,18,145.16846153846154
Assam,2020,1382.54,24.279371584699454,90,16,4.378461538461579
Assam,2021,1032.73,25.000301369863017,108,5,-345.43153846153837
Assam,2022,1289.35,24.454712328767123,104,16,-88.81153846153848
Assam,2023,1068.03,25.319479452054797,112,10,-310.1315384615384
Assam,2024,1366.74,24.755655737704917,106,19,-11.421538461538375
Assam,2025,1345.6,24.62435616438356,102,18,-32.561538461538476
Bihar,2000,955.72,26.12374316939891,171,19,-50.053461538461534
Bihar,2001,1052.85,25.98205479452055,170,20,47.07653846153835
Bihar,2002,954.35,26.254849315068494,169,19,-51.42346153846154
Bihar,2003,1101.51,25.98717808219178,165,22,95.73653846153843
Bihar,2004,888.28,26.121994535519125,177,16,-117.49346153846159
Bihar,2005,765.09,26.88509589041096,160,13,-240.68346153846153
Bihar,2006,1091.8,26.364219178082195,165,19,86.0265384615384
Bihar,2007,1257.79,25.623205479452054,180,25,252.0165384615384
Bihar,2008,1355.16,25.207650273224044,186,28,349.3865384615385
Bihar,2009,791.4,26.704109589041096,200,9,-214.37346153846158
Bihar,2010,749.22,27.318246575342464,191,10,-256.55346153846153
Bihar,2011,1089.49,25.857287671232875,183,19,83.71653846153845
Bihar,2012,1060.9,25.632513661202186,191,24,55.12653846153853
Bihar,2013,940.96,25.43139726027397,173,10,-64.81346153846152
Bihar,2014,1101.81,25.69709589041096,193,18,96.03653846153838
Bihar,2015,995.49,26.558438356164384,179,22,-10.283461538461552
Bihar,2016,1181.08,26.597459016393444,194,24,175.30653846153837
Bihar,2017,953.24,26.647315068493153,169,21,-52.53346153846155
Bihar,2018,720.58,26.8252602739726,197,10,-285.1934615384615
Bihar,2019,997.49,26.526191780821918,168,15,-8.283461538461552
Bihar,2020,1219.79,25.077568306010928,157,22,214.0165384615384
Bihar,2021,1379.46,25.538109589041095,176,31,373.6865384615385
Bihar,2022,674.51,26.26446575342466,173,8,-331.26346153846157
Bihar,2023,816.54,26.834849315068492,193,13,-189.2334615384616
Bihar,2024,819.92,26.82431693989071,195,15,-185.8534615384616
Bihar,2025,1235.68,25.804383561643835,180,23,229.9065384615385
Chhattisgarh,2000,867.47,26.37502732240437,192,11,-444.6326923076922
Chhattisgarh,2001,1214.25,26.217260273972602,159,17,-97.85269230769222
Chhattisgarh,2002,804.92,26.852657534246575,182,8,-507.18269230769226
Chhattisgarh,2003,1433.14,26.550027397260276,165,22,121.03730769230788
Chhattisgarh,2004,1039.07,25.782349726775955,177,11,-273.0326923076923
Chhattisgarh,2005,1526.16,26.178465753424657,167,23,214.05730769230786
Chhattisgarh,2006,1114.47,26.26227397260274,166,14,-197.6326923076922
Chhattisgarh,2007,1423.8799999999999,26.236109589041096,177,18,111.77730769230766
Chhattisgarh,2008,1042.28,25.92885245901639,183,14,-269.82269230769225
Chhattisgarh,2009,1075.52,27.165534246575344,190,14,-236.58269230769224
Chhattisgarh,2010,1195.15,27.073424657534243,166,15,-116.95269230769213
Chhattisgarh,2011,1521.67,25.560438356164383,182,25,209.56730769230785
Chhattisgarh,2012,1537.64,25.999918032786884,178,23,225.53730769230788
Chhattisgarh,2013,1643.6,25.84893150684932,177,26,331.4973076923077
Chhattisgarh,2014,1245.23,25.86928767123288,163,15,-66.8726923076922
Chhattisgarh,2015,1145.0,26.20523287671233,173,17,-167.10269230769222
Chhattisgarh,2016,1251.59,26.649945355191253,176,18,-60.512692307692305
Chhattisgarh,2017,1172.02,26.558301369863017,181,16,-140.08269230769224
Chhattisgarh,2018,1121.9,26.217863013698633,181,14,-190.20269230769213
Chhattisgarh,2019,1567.1499999999999,26.328657534246574,154,21,255.04730769230764
Chhattisgarh,2020,1729.36,24.866830601092897,121,28,417.2573076923077
Chhattisgarh,2021,1508.54,25.75613698630137,157,19,196.43730769230774
Chhattisgarh,2022,1407.92,25.756246575342466,179,17,95.81730769230785
Chhattisgarh,2023,1653.05,25.70882191780822,178,25,340.94730769230773
Chhattisgarh,2024,1347.7,26.18355191256831,143,21,35.59730769230782
Chhattisgarh,2025,1525.99,25.55268493150685,168,24,213.8873076923078
Goa,2000,1573.86,24.796284153005466,156,18,-384.73423076923086
Goa,2001,1204.48,25.13723287671233,167,5,-754.1142307692307
Goa,2002,1299.31,25.575698630136984,155,11,-659.2842307692308
Goa,2003,1242.61,25.853287671232877,164,5,-715.9842307692309
Goa,2004,1458.41,25.13863387978142,158,8,-500.1842307692307
Goa,2005,2250.75,24.948328767123286,155,24,292.15576923076924
Goa,2006,2062.02,24.824931506849317,152,17,103.42576923076922
Goa,2007,2455.91,24.87446575342466,158,31,497.3157692307691
Goa,2008,1759.44,24.656939890710383,164,14,-199.1542307692307
Goa,2009,2057.88,25.3073698630137,145,24,99.28576923076935
Goa,2010,2366.94,25.15835616438356,135,25,408.3457692307693
Goa,2011,1840.23,24.78945205479452,163,17,-118.36423076923074
Goa,2012,1611.95,25.137513661202185,179,9,-346.6442307692307
Goa,2013,1869.05,24.976438356164383,169,17,-89.54423076923081
Goa,2014,2019.0,25.10131506849315,146,20,60.40576923076924
Goa,2015,1486.58,25.283917808219176,142,9,-472.01423076923083
Goa,2016,1971.03,25.28450819672131,166,22,12.43576923076921
Goa,2017,1548.9,25.277342465753424,165,6,-409.69423076923067
Goa,2018,1624.54,25.37076712328767,149,8,-334.0542307692308
Goa,2019,2905.17,25.495945205479455,161,30,946.5757692307693
Goa,2020,2748.08,25.210245901639347,140,32,789.4857692307692
Goa,2021,2471.89,25.08728767123288,105,23,513.2957692307691
Goa,2022,1942.81,24.817835616438355,122,21,-15.784230769230817
Goa,2023,1774.8,25.80709589041096,159,20,-183.7942307692308
Goa,2024,2916.82,25.728005464480876,143,32,958.2257692307694
Goa,2025,2460.99,24.888356164383563,136,28,502.395769230769
Gujarat,2000,367.04,27.67724043715847,274,9,-377.4023076923077
Gujarat,2001,394.19,27.314,245,10,-350.25230769230774
Gujarat,2002,331.49,27.80561643835616,265,7,-412.9523076923077
Gujarat,2003,816.45,26.764849315068492,247,20,72.00769230769231
Gujarat,2004,685.91,26.998251366120222,240,20,-58.53230769230777
Gujarat,2005,828.32,26.269397260273973,252,25,83.87769230769231
Gujarat,2006,834.15,26.74772602739726,240,20,89.70769230769224
Gujarat,2007,1135.69,26.714794520547944,245,23,391.2476923076923
Gujarat,2008,678.76,26.490054644808744,257,17,-65.68230769230775
Gujarat,2009,582.97,27.60158904109589,285,15,-161.4723076923077
Gujarat,2010,1214.32,26.776739726027397,232,30,469.8776923076922
Gujarat,2011,787.12,26.5412602739726,260,22,42.67769230769227
Gujarat,2012,411.79,26.773497267759563,263,11,-332.6523076923077
Gujarat,2013,1071.78,26.053890410958903,233,18,327.33769230769224
Gujarat,2014,539.67,26.98690410958904,256,16,-204.77230769230778
Gujarat,2015,657.89,27.35282191780822,266,16,-86.55230769230775
Gujarat,2016,465.33,27.304508196721315,260,12,-279.11230769230775
Gujarat,2017,923.65,26.72068493150685,255,21,179.20769230769224
Gujarat,2018,375.54,27.731643835616435,279,6,-368.9023076923077
Gujarat,2019,1037.75,26.40805479452055,224,20,293.30769230769226
Gujarat,2020,1089.74,26.078524590163934,223,24,345.2976923076923
Gujarat,2021,761.24,26.723123287671235,228,23,16.797692307692273
Gujarat,2022,763.3,26.8247397260274,242,20,18.85769230769222
Gujarat,2023,754.06,26.73876712328767,218,24,9.61769230769221
Gujarat,2024,898.47,26.871612021857924,229,20,154.0276923076923
Gujarat,2025,948.88,26.549342465753426,212,26,204.43769230769226
Haryana,2000,314.14,26.735901639344263,214,9,-289.0973076923077
Haryana,2001,544.67,26.182027397260274,202,14,-58.567307692307736
Haryana,2002,338.19,27.2092602739726,204,11,-265.0473076923077
Haryana,2003,711.63,25.462082191780823,205,21,108.3926923076923
Haryana,2004,436.84000000000003,26.68005464480874,229,13,-166.39730769230766
Haryana,2005,598.75,25.49290410958904,188,18,-4.487307692307695
Haryana,2006,394.46,26.654410958904112,195,9,-208.77730769230772
Haryana,2007,575.12,26.134356164383565,195,16,-28.11730769230769
Haryana,2008,707.26,25.297732240437156,195,24,104.0226923076923
Haryana,2009,441.55,26.56082191780822,212,10,-161.68730769230768
Haryana,2010,695.03,26.13131506849315,215,24,91.79269230769228
Haryana,2011,603.71,25.31635616438356,199,17,0.4726923076923413
Haryana,2012,470.42,25.431775956284156,209,13,-132.81730769230768
Haryana,2013,762.92,25.02041095890411,187,24,159.68269230769226
Haryana,2014,377.90999999999997,25.721369863013695,195,11,-225.32730769230773
Haryana,2015,633.01,25.346054794520548,192,20,29.772692307692296
Haryana,2016,548.66,26.411420765027323,211,20,-54.57730769230773
Haryana,2017,528.18,25.915013698630137,210,15,-75.05730769230775
Haryana,2018,626.11,25.620904109589038,213,20,22.87269230769232
Haryana,2019,562.43,25.246054794520546,188,19,-40.807307692307745
Haryana,2020,750.79,24.79101092896175,198,26,147.55269230769227
Haryana,2021,979.45,24.793616438356164,191,30,376.21269230769235
Haryana,2022,875.43,25.359890410958904,213,24,272.19269230769225
Haryana,2023,672.2,24.957397260273975,185,20,68.96269230769235
Haryana,2024,656.37,25.78934426229508,208,20,53.13269230769231
Haryana,2025,878.94,25.090630136986302,209,27,275.70269230769236
Himachal Pradesh,2000,869.51,21.499344262295082,199,14,-285.1426923076924
Himachal Pradesh,2001,919.92,21.39109589041096,186,13,-234.73269230769245
Himachal Pradesh,2002,721.57,22.21246575342466,179,8,-433.08269230769235
Himachal Pradesh,2003,1058.23,21.06805479452055,186,15,-96.42269230769239
Himachal Pradesh,2004,951.26,21.64292349726776,204,13,-203.3926923076924
Himachal Pradesh,2005,916.17,20.993534246575344,164,16,-238.48269230769245
Himachal Pradesh,2006,855.31,21.734027397260274,176,16,-299.34269230769246
Himachal Pradesh,2007,925.42,21.399534246575342,187,15,-229.23269230769245
Himachal Pradesh,2008,1518.43,20.464153005464482,182,27,363.77730769230766
Himachal Pradesh,2009,861.1899999999999,21.669287671232876,201,14,-293.46269230769246
Himachal Pradesh,2010,1382.72,21.62550684931507,208,30,228.06730769230762
Himachal Pradesh,2011,1302.73,20.453342465753426,177,20,148.0773076923076
Himachal Pradesh,2012,878.8100000000001,21.071311475409836,193,12,-275.84269230769235
Himachal Pradesh,2013,1480.17,20.83309589041096,174,23,325.51730769230767
Himachal Pradesh,2014,940.1,21.155890410958904,173,12,-214.55269230769238
Himachal Pradesh,2015,1153.65,21.039972602739727,164,19,-1.002692307692314
Himachal Pradesh,2016,969.66,22.01549180327869,165,12,-184.99269230769244
Himachal Pradesh,2017,1235.12,21.259561643835617,158,22,80.46730769230749
Himachal Pradesh,2018,1409.89,20.72986301369863,180,23,255.2373076923077
Himachal Pradesh,2019,1189.51,20.23495890410959,130,15,34.857307692307586
Himachal Pradesh,2020,1194.9,19.99642076502732,150,19,40.247307692307686
Himachal Pradesh,2021,1193.31,20.923972602739727,160,17,38.65730769230754
Himachal Pradesh,2022,1478.8,21.010356164383563,165,29,324.14730769230755
Himachal Pradesh,2023,1651.26,20.113945205479453,147,19,496.6073076923076
Himachal Pradesh,2024,1218.87,21.22188524590164,176,24,64.21730769230749
Himachal Pradesh,2025,1744.46,20.833287671232874,170,28,589.8073076923076
Jharkhand,2000,1051.6200000000001,23.271967213114756,161,13,-285.64884615384585
Jharkhand,2001,1169.3,23.380575342465754,151,13,-167.96884615384602
Jharkhand,2002,1140.09,23.77731506849315,154,14,-197.17884615384605
Jharkhand,2003,1429.22,23.40950684931507,147,22,91.95115384615406
Jharkhand,2004,1252.79,23.135218579234973,166,23,-84.478846153846
Jharkhand,2005,938.94,23.927260273972603,153,12,-398.3288461538459
Jharkhand,2006,1468.99,23.539068493150687,158,20,131.72115384615404
Jharkhand,2007,1361.99,23.018767123287674,161,21,24.72115384615404
Jharkhand,2008,1388.34,23.018306010928963,171,22,51.07115384615395
Jharkhand,2009,1139.94,23.858986301369864,194,12,-197.32884615384592
Jharkhand,2010,943.47,24.384821917808218,173,16,-393.79884615384594
Jharkhand,2011,1642.21,23.169999999999998,167,26,304.94115384615407
Jharkhand,2012,1362.8700000000001,23.109398907103827,179,19,25.601153846154148
Jharkhand,2013,1431.41,22.775479452054793,164,18,94.14115384615411
Jharkhand,2014,1124.1200000000001,23.048904109589042,181,11,-213.14884615384585
Jharkhand,2015,1393.38,23.60158904109589,172,22,56.11115384615414
Jharkhand,2016,1330.09,23.90846994535519,174,19,-7.178846153846052
Jharkhand,2017,1487.73,24.070849315068493,159,13,150.46115384615405
Jharkhand,2018,1221.23,23.56884931506849,169,19,-116.03884615384595
Jharkhand,2019,1350.34,23.55328767123288,140,21,13.071153846153948
Jharkhand,2020,1863.49,22.27172131147541,126,25,526.221153846154
Jharkhand,2021,1824.74,23.047342465753427,151,22,487.47115384615404
Jharkhand,2022,1150.94,23.285397260273974,161,13,-186.32884615384592
Jharkhand,2023,1076.14,23.723808219178082,180,14,-261.12884615384587
Jharkhand,2024,1477.83,23.730737704918035,141,23,140.56115384615396
Jharkhand,2025,1747.78,22.703342465753423,161,23,410.511153846154
Karnataka,2000,647.87,25.32781420765027,157,17,-74.69076923076932
Karnataka,2001,480.24,25.628054794520548,157,15,-242.32076923076932
Karnataka,2002,423.71,26.228465753424658,161,6,-298.85076923076934
Karnataka,2003,405.93,26.429397260273973,163,9,-316.6307692307693
Karnataka,2004,565.84,25.432841530054645,153,11,-156.7207692307693
Karnataka,2005,891.1,25.097013698630136,145,25,168.5392307692307
Karnataka,2006,736.03,25.253945205479454,150,15,13.469230769230649
Karnataka,2007,884.0699999999999,25.174438356164384,158,24,161.5092307692306
Karnataka,2008,743.14,24.93502732240437,158,20,20.579230769230662
Karnataka,2009,817.49,25.587561643835613,149,20,94.92923076923068
Karnataka,2010,858.45,25.642821917808217,137,22,135.88923076923072
Karnataka,2011,541.54,25.438246575342465,169,9,-181.02076923076936
Karnataka,2012,528.54,25.792568306010928,190,12,-194.02076923076936
Karnataka,2013,629.68,25.427561643835617,161,14,-92.88076923076937
Karnataka,2014,741.57,25.4267397260274,154,21,19.009230769230726
Karnataka,2015,597.86,25.76832876712329,145,9,-124.70076923076931
Karnataka,2016,541.65,26.05655737704918,165,10,-180.91076923076935
Karnataka,2017,634.53,25.679205479452055,172,15,-88.03076923076935
Karnataka,2018,583.16,25.718931506849316,152,17,-139.40076923076936
Karnataka,2019,899.84,25.889534246575344,147,25,177.2792307692307
Karnataka,2020,1104.8799999999999,25.294071038251364,133,33,382.31923076923056
Karnataka,2021,944.65,25.11778082191781,118,25,222.08923076923065
Karnataka,2022,968.84,25.138164383561644,136,26,246.2792307692307
Karnataka,2023,542.49,26.30586301369863,163,16,-180.07076923076932
Karnataka,2024,936.32,26.173387978142074,145,25,213.75923076923073
Karnataka,2025,1137.16,24.87912328767123,134,35,414.59923076923076
Kerala,2000,1488.74,24.924808743169397,88,11,-496.04999999999995
Kerala,2001,1832.61,24.993479452054796,90,17,-152.18000000000006
Kerala,2002,1662.26,25.316904109589043,99,17,-322.53
Kerala,2003,1565.37,25.453013698630137,85,18,-419.4200000000001
Kerala,2004,2177.07,24.995573770491802,100,20,192.2800000000002
Kerala,2005,1951.82,25.206904109589043,75,19,-32.97000000000003
Kerala,2006,2503.43,24.88208219178082,107,35,518.6399999999999
Kerala,2007,2762.37,24.956602739726026,117,39,777.5799999999999
Kerala,2008,2086.9,24.67139344262295,89,26,102.11000000000013
Kerala,2009,2167.05,25.19898630136986,91,28,182.26000000000022
Kerala,2010,2348.88,25.225616438356166,73,20,364.09000000000015
Kerala,2011,2048.96,24.694,102,18,64.17000000000007
Kerala,2012,1462.46,25.281475409836066,106,7,-522.3299999999999
Kerala,2013,2113.16,25.298575342465753,88,25,128.3699999999999
Kerala,2014,2231.45,25.39550684931507,80,23,246.65999999999985
Kerala,2015,1430.77,25.454164383561643,72,4,-554.02
Kerala,2016,1221.03,25.91398907103825,70,6,-763.76
Kerala,2017,1802.22,25.402575342465756,71,9,-182.56999999999994
Kerala,2018,2214.33,25.346465753424656,77,22,229.53999999999996
Kerala,2019,2147.41,25.896438356164385,67,14,162.6199999999999
Kerala,2020,1971.07,25.691256830601095,57,19,-13.720000000000027
Kerala,2021,2415.83,25.060438356164383,46,17,431.03999999999996
Kerala,2022,2250.76,24.99364383561644,51,15,265.97000000000025
Kerala,2023,1624.52,25.674520547945207,76,12,-360.27
Kerala,2024,2040.18,25.982158469945354,69,17,55.3900000000001
Kerala,2025,2083.89,25.466301369863015,73,17,99.09999999999991
Madhya Pradesh,2000,987.13,25.931284153005464,214,15,-341.21576923076907
Madhya Pradesh,2001,1127.03,25.77753424657534,180,13,-201.3157692307691
Madhya Pradesh,2002,1033.02,26.62860273972603,210,14,-295.3257692307691
Madhya Pradesh,2003,1463.41,25.831698630136984,193,21,135.06423076923102
Madhya Pradesh,2004,1014.09,26.240218579234973,193,13,-314.25576923076903
Madhya Pradesh,2005,1450.58,25.862547945205478,191,16,122.23423076923086
Madhya Pradesh,2006,1824.01,26.22019178082192,177,23,495.6642307692309
Madhya Pradesh,2007,1155.67,26.105643835616437,201,15,-172.675769230769
Madhya Pradesh,2008,1027.53,25.7603825136612,199,13,-300.8157692307691
Madhya Pradesh,2009,1277.73,26.47695890410959,209,20,-50.61576923076905
Madhya Pradesh,2010,1152.95,26.40054794520548,192,18,-175.39576923076902
Madhya Pradesh,2011,1531.57,25.708493150684934,205,25,203.22423076923087
Madhya Pradesh,2012,1329.35,25.753551912568305,207,19,1.004230769230844
Madhya Pradesh,2013,1798.5,25.49153424657534,176,27,470.15423076923094
Madhya Pradesh,2014,1082.68,26.026383561643833,164,15,-245.665769230769
Madhya Pradesh,2015,1304.56,25.88627397260274,181,21,-23.78576923076912
Madhya Pradesh,2016,1525.47,26.321120218579235,198,20,197.12423076923096
Madhya Pradesh,2017,900.9399999999999,26.562602739726028,213,11,-427.4057692307691
Madhya Pradesh,2018,1030.2,26.41690410958904,215,12,-298.145769230769
Madhya Pradesh,2019,1830.31,25.944356164383564,187,36,501.9642307692309
Madhya Pradesh,2020,1292.46,25.381939890710385,139,12,-35.88576923076903
Madhya Pradesh,2021,1255.47,25.74958904109589,172,9,-72.87576923076904
Madhya Pradesh,2022,1732.33,25.725342465753425,199,31,403.98423076923086
Madhya Pradesh,2023,1372.65,25.492027397260273,171,19,44.304230769231026
Madhya Pradesh,2024,1587.61,25.909945355191258,168,17,259.26423076923083
Madhya Pradesh,2025,1449.74,25.42917808219178,171,20,121.39423076923094
Maharashtra,2000,763.66,25.569234972677595,212,17,-54.93269230769238
Maharashtra,2001,636.23,25.674027397260275,192,12,-182.36269230769233
Maharashtra,2002,613.93,26.255041095890412,204,11,-204.6626923076924
Maharashtra,2003,613.76,26.19739726027397,200,10,-204.83269230769235
Maharashtra,2004,695.13,25.731639344262298,187,12,-123.46269230769235
Maharashtra,2005,1043.23,25.105479452054794,193,23,224.63730769230767
Maharashtra,2006,1223.32,25.248876712328766,178,22,404.7273076923076
Maharashtra,2007,829.25,25.491835616438358,219,22,10.657307692307654
Maharashtra,2008,630.67,25.679562841530053,216,12,-187.9226923076924
Maharashtra,2009,790.6899999999999,26.13342465753425,209,21,-27.902692307692405
Maharashtra,2010,946.77,25.82134246575342,168,26,128.17730769230764
Maharashtra,2011,740.83,25.43950684931507,200,17,-77.7626923076923
Maharashtra,2012,614.37,25.823743169398906,213,10,-204.22269230769234
Maharashtra,2013,869.63,25.275287671232874,166,16,51.03730769230765
Maharashtra,2014,685.43,25.6921095890411,170,17,-133.1626923076924
Maharashtra,2015,801.95,26.05153424657534,202,13,-16.6426923076923
Maharashtra,2016,805.2,25.722896174863386,218,20,-13.3926923076923
Maharashtra,2017,851.43,25.714931506849318,218,20,32.837307692307604
Maharashtra,2018,557.02,26.27821917808219,227,8,-261.57269230769236
Maharashtra,2019,850.85,25.631342465753427,201,21,32.25730769230768
Maharashtra,2020,1204.29,25.10412568306011,179,36,385.6973076923076
Maharashtra,2021,967.6,25.39090410958904,172,24,149.00730769230768
Maharashtra,2022,941.37,25.244684931506846,206,26,122.77730769230766
Maharashtra,2023,781.59,25.402986301369864,188,20,-37.002692307692314
Maharashtra,2024,951.9,25.836666666666666,163,20,133.30730769230763
Maharashtra,2025,873.31,25.181753424657536,187,19,54.7173076923076
Manipur,2000,761.01,21.342185792349728,112,6,-507.8734615384617
Manipur,2001,640.24,21.923013698630136,120,4,-628.6434615384617
Manipur,2002,996.37,21.554301369863012,122,12,-272.5134615384617
Manipur,2003,948.85,21.478657534246576,100,7,-320.03346153846167
Manipur,2004,998.07,21.08153005464481,127,12,-270.81346153846164
Manipur,2005,998.95,21.693917808219176,100,14,-269.93346153846164
Manipur,2006,791.66,21.94221917808219,123,11,-477.2234615384617
Manipur,2007,1204.03,20.894931506849314,148,19,-64.85346153846172
Manipur,2008,1144.61,21.007486338797815,125,17,-124.27346153846179
Manipur,2009,1127.48,21.55832876712329,142,15,-141.40346153846167
Manipur,2010,1723.24,20.91695890410959,120,31,454.3565384615383
Manipur,2011,1467.61,20.701698630136985,122,27,198.7265384615382
Manipur,2012,1304.3,21.0181693989071,128,20,35.416538461538266
Manipur,2013,1621.02,21.185178082191783,138,27,352.1365384615383
Manipur,2014,1206.52,21.610767123287673,151,21,-62.363461538461706
Manipur,2015,1543.23,21.08695890410959,114,25,274.34653846153833
Manipur,2016,1598.62,21.369480874316938,110,24,329.7365384615382
Manipur,2017,2076.36,20.90964383561644,115,39,807.4765384615384
Manipur,2018,1401.3,20.684986301369864,114,18,132.41653846153827
Manipur,2019,1219.03,21.29487671232877,116,9,-49.853461538461715
Manipur,2020,1304.55,20.975573770491803,120,14,35.666538461538266
Manipur,2021,1031.2,21.601232876712327,128,11,-237.68346153846164
Manipur,2022,1465.6299999999999,20.980712328767122,112,28,196.7465384615382
Manipur,2023,1047.32,21.91158904109589,136,14,-221.56346153846175
Manipur,2024,1769.55,20.974262295081967,113,23,500.66653846153827
Manipur,2025,1600.22,21.22805479452055,116,27,331.33653846153834
Meghalaya,2000,2646.18,18.7153825136612,110,15,-542.7211538461543
Meghalaya,2001,2464.65,19.11964383561644,120,13,-724.251153846154
Meghalaya,2002,2583.38,18.987753424657534,117,9,-605.521153846154
Meghalaya,2003,2666.68,18.866164383561642,98,13,-522.2211538461543
Meghalaya,2004,2928.88,18.736311475409835,129,18,-260.021153846154
Meghalaya,2005,2811.73,19.04331506849315,111,13,-377.1711538461541
Meghalaya,2006,2200.63,19.29564383561644,123,10,-988.271153846154
Meghalaya,2007,2728.25,18.86372602739726,139,13,-460.6511538461541
Meghalaya,2008,2143.17,18.957103825136613,128,6,-1045.731153846154
Meghalaya,2009,2366.84,19.241589041095892,152,13,-822.061153846154
Meghalaya,2010,3017.72,19.25827397260274,129,13,-171.1811538461543
Meghalaya,2011,2255.02,18.854986301369863,140,11,-933.8811538461541
Meghalaya,2012,2764.42,18.995218579234972,141,10,-424.48115384615403
Meghalaya,2013,2434.15,19.35197260273973,148,9,-754.751153846154
Meghalaya,2014,2308.54,19.438986301369862,156,11,-880.3611538461541
Meghalaya,2015,2868.87,19.343835616438355,125,10,-320.0311538461542
Meghalaya,2016,4060.4700000000003,19.760655737704916,88,30,871.5688461538462
Meghalaya,2017,5267.45,19.511397260273974,111,43,2078.5488461538457
Meghalaya,2018,3421.08,18.980246575342466,113,21,232.17884615384583
Meghalaya,2019,4371.42,19.270383561643836,109,31,1182.518846153846
Meghalaya,2020,5317.45,19.040300546448087,108,35,2128.5488461538457
Meghalaya,2021,3257.78,19.190602739726028,130,17,68.8788461538461
Meghalaya,2022,4353.63,18.992301369863014,103,31,1164.728846153846
Meghalaya,2023,3693.54,19.374876712328767,129,28,504.63884615384586
Meghalaya,2024,4394.63,19.108743169398906,117,35,1205.728846153846
Meghalaya,2025,3584.87,19.244931506849316,118,17,395.9688461538458
Mizoram,2000,572.37,21.241120218579233,122,3,-728.5130769230769
Mizoram,2001,466.66,21.696109589041097,137,2,-834.2230769230769
Mizoram,2002,437.8,21.799972602739725,123,0,-863.083076923077
Mizoram,2003,313.38,21.866794520547945,122,0,-987.503076923077
Mizoram,2004,501.78000000000003,21.35672131147541,146,5,-799.103076923077
Mizoram,2005,390.79,22.124739726027396,123,0,-910.093076923077
Mizoram,2006,638.88,21.747397260273974,133,7,-662.003076923077
Mizoram,2007,896.72,20.942438356164384,145,15,-404.1630769230769
Mizoram,2008,868.0600000000001,21.01549180327869,144,14,-432.8230769230769
Mizoram,2009,1273.4,21.235342465753423,148,23,-27.48307692307685
Mizoram,2010,1207.3,21.07358904109589,124,17,-93.58307692307699
Mizoram,2011,1094.68,20.68350684931507,144,15,-206.20307692307688
Mizoram,2012,924.86,21.000956284153006,136,6,-376.0230769230769
Mizoram,2013,1053.66,20.99805479452055,144,12,-247.22307692307686
Mizoram,2014,968.87,21.35649315068493,157,16,-332.01307692307694
Mizoram,2015,1856.7,20.61487671232877,119,34,555.8169230769231
Mizoram,2016,1808.22,20.959672131147542,115,28,507.3369230769231
Mizoram,2017,3265.59,20.56504109589041,115,59,1964.7069230769232
Mizoram,2018,2276.04,20.14641095890411,126,29,975.156923076923
Mizoram,2019,2389.8,20.724493150684932,123,35,1088.9169230769232
Mizoram,2020,1760.5,20.433469945355192,117,22,459.61692307692306
Mizoram,2021,1465.73,21.03041095890411,138,22,164.84692307692308
Mizoram,2022,1445.27,20.734356164383563,104,17,144.38692307692304
Mizoram,2023,1506.81,21.220054794520546,133,21,205.926923076923
Mizoram,2024,2371.42,20.972896174863386,107,36,1070.5369230769231
Mizoram,2025,2067.67,20.98304109589041,114,37,766.7869230769231
Nagaland,2000,954.91,20.060327868852458,110,4,-521.6403846153845
Nagaland,2001,715.96,20.78005479452055,111,1,-760.5903846153844
Nagaland,2002,1003.36,20.50772602739726,109,7,-473.19038461538446
Nagaland,2003,947.17,20.34523287671233,96,3,-529.3803846153845
Nagaland,2004,1103.89,19.901448087431696,117,8,-372.6603846153844
Nagaland,2005,975.37,20.43317808219178,96,5,-501.18038461538447
Nagaland,2006,926.21,20.759205479452053,117,4,-550.3403846153844
Nagaland,2007,1245.2,19.993945205479452,135,16,-231.35038461538443
Nagaland,2008,1412.22,19.77844262295082,110,18,-64.33038461538445
Nagaland,2009,1375.96,20.1527397260274,130,16,-100.59038461538444
Nagaland,2010,1903.32,19.968109589041095,118,26,426.76961538461546
Nagaland,2011,1558.81,19.505232876712327,111,23,82.25961538461547
Nagaland,2012,1602.68,19.92983606557377,111,23,126.12961538461559
Nagaland,2013,1579.7,20.363753424657535,137,21,103.14961538461557
Nagaland,2014,1397.21,20.654164383561646,131,20,-79.34038461538444
Nagaland,2015,1863.99,20.48632876712329,100,25,387.43961538461554
Nagaland,2016,1724.1200000000001,20.77434426229508,92,20,247.56961538461564
Nagaland,2017,2155.67,20.55257534246575,98,35,679.1196153846156
Nagaland,2018,1874.44,20.132438356164386,83,26,397.8896153846156
Nagaland,2019,1893.99,20.352082191780823,89,27,417.43961538461554
Nagaland,2020,1798.77,20.100628415300545,81,21,322.2196153846155
Nagaland,2021,1333.05,20.46186301369863,102,20,-143.50038461538452
Nagaland,2022,1658.91,20.10128767123288,103,20,182.3596153846156
Nagaland,2023,1566.44,20.585534246575342,106,22,89.88961538461558
Nagaland,2024,1893.89,20.32918032786885,90,29,417.3396153846156
Nagaland,2025,1925.07,20.29849315068493,94,35,448.51961538461546
Odisha,2000,996.4,26.16688524590164,158,10,-460.538076923077
Odisha,2001,1784.8700000000001,26.067972602739726,130,27,327.9319230769231
Odisha,2002,1187.41,26.33876712328767,153,14,-269.5280769230769
Odisha,2003,1800.7,26.329835616438356,136,29,343.76192307692304
Odisha,2004,1290.52,25.658360655737702,156,17,-166.41807692307702
Odisha,2005,1545.72,26.306712328767127,139,18,88.78192307692302
Odisha,2006,1626.12,25.747671232876712,150,19,169.18192307692289
Odisha,2007,1570.77,25.910986301369864,150,17,113.83192307692298
Odisha,2008,1813.95,25.60122950819672,154,27,357.01192307692304
Odisha,2009,1315.55,26.65545205479452,180,19,-141.38807692307705
Odisha,2010,1283.6399999999999,26.710684931506847,145,19,-173.29807692307713
Odisha,2011,1543.17,25.813972602739728,167,23,86.23192307692307
Odisha,2012,1491.47,26.16934426229508,158,18,34.53192307692302
Odisha,2013,1620.07,25.94608219178082,154,18,163.13192307692293
Odisha,2014,1486.27,25.796082191780823,157,21,29.331923076922976
Odisha,2015,1278.92,26.15106849315068,142,14,-178.01807692307693
Odisha,2016,1261.36,26.52256830601093,153,11,-195.5780769230771
Odisha,2017,1430.8899999999999,26.464246575342468,153,14,-26.048076923077133
Odisha,2018,1528.63,25.785616438356165,152,22,71.6919230769231
Odisha,2019,1452.67,26.210027397260273,133,20,-4.268076923076933
Odisha,2020,1596.0,25.288005464480875,116,19,139.061923076923
Odisha,2021,1479.85,25.957534246575342,136,13,22.911923076922903
Odisha,2022,1323.31,25.901123287671233,158,17,-133.62807692307706
Odisha,2023,1403.23,26.253424657534246,150,19,-53.70807692307699
Odisha,2024,1378.12,26.432349726775957,117,16,-78.81807692307711
Odisha,2025,1390.78,25.595342465753422,154,14,-66.15807692307703
Punjab,2000,418.62,26.156939890710383,210,9,-302.7261538461538
Punjab,2001,477.42,25.96841095890411,198,11,-243.9261538461538
Punjab,2002,376.33,26.851835616438358,204,8,-345.0161538461538
Punjab,2003,553.41,25.424602739726026,190,11,-167.93615384615384
Punjab,2004,479.84,26.309316939890707,225,9,-241.50615384615384
Punjab,2005,578.48,25.184794520547946,187,16,-142.8661538461538
Punjab,2006,648.11,25.702739726027396,185,13,-73.2361538461538
Punjab,2007,508.44,25.800136986301368,195,11,-212.9061538461538
Punjab,2008,930.46,24.620273224043718,194,25,209.11384615384623
Punjab,2009,449.02,26.038630136986303,225,11,-272.32615384615383
Punjab,2010,638.17,25.916602739726027,216,20,-83.17615384615385
Punjab,2011,684.58,25.006493150684932,199,21,-36.76615384615377
Punjab,2012,462.4,25.10967213114754,210,14,-258.94615384615383
Punjab,2013,781.6999999999999,24.87276712328767,192,22,60.35384615384612
Punjab,2014,663.99,24.799068493150685,199,11,-57.3561538461538
Punjab,2015,825.02,24.714109589041094,185,18,103.67384615384617
Punjab,2016,631.16,26.046284153005466,199,15,-90.18615384615384
Punjab,2017,787.02,25.26454794520548,189,24,65.67384615384617
Punjab,2018,941.98,24.86090410958904,199,23,220.6338461538462
Punjab,2019,968.13,24.14205479452055,153,22,246.78384615384618
Punjab,2020,818.32,23.92016393442623,176,21,96.97384615384624
Punjab,2021,803.37,24.8492602739726,179,18,82.0238461538462
Punjab,2022,1000.05,24.85191780821918,195,31,278.70384615384614
Punjab,2023,1397.2,23.65972602739726,158,32,675.8538461538462
Punjab,2024,763.78,25.082595628415298,193,23,42.43384615384616
Punjab,2025,1168.0,24.430000000000003,186,36,446.6538461538462
Rajasthan,2000,214.64,26.574180327868852,246,9,-270.13461538461536
Rajasthan,2001,406.26,26.03978082191781,237,17,-78.51461538461535
Rajasthan,2002,126.95,27.388109589041097,254,4,-357.82461538461536
Rajasthan,2003,424.06,25.75221917808219,218,16,-60.71461538461534
Rajasthan,2004,438.64,26.419972677595627,254,20,-46.13461538461536
Rajasthan,2005,336.21,25.750931506849316,231,10,-148.56461538461537
Rajasthan,2006,326.15,26.665945205479453,222,13,-158.62461538461537
Rajasthan,2007,396.51,26.235205479452055,215,13,-88.26461538461535
Rajasthan,2008,455.2,25.72795081967213,222,19,-29.574615384615356
Rajasthan,2009,310.26,26.7332602739726,239,13,-174.51461538461535
Rajasthan,2010,585.83,26.235616438356164,224,25,101.0553846153847
Rajasthan,2011,541.25,25.509205479452056,219,21,56.475384615384655
Rajasthan,2012,538.27,25.063415300546446,231,25,53.49538461538464
Rajasthan,2013,575.94,25.08978082191781,210,24,91.16538461538471
Rajasthan,2014,447.0,25.464712328767124,225,15,-37.774615384615345
Rajasthan,2015,450.35,25.538219178082194,217,17,-34.42461538461532
Rajasthan,2016,518.58,26.332622950819673,245,24,33.805384615384696
Rajasthan,2017,458.37,25.845808219178082,234,18,-26.40461538461534
Rajasthan,2018,402.26,26.126575342465756,249,17,-82.51461538461535
Rajasthan,2019,650.42,25.352986301369864,199,21,165.64538461538461
Rajasthan,2020,470.90000000000003,25.545054644808744,201,10,-13.87461538461531
Rajasthan,2021,574.8100000000001,26.041890410958906,198,18,90.03538461538471
Rajasthan,2022,647.13,26.037890410958905,231,25,162.35538461538465
Rajasthan,2023,823.61,25.044164383561647,205,26,338.83538461538467
Rajasthan,2024,677.18,25.96341530054645,217,28,192.4053846153846
Rajasthan,2025,807.36,25.568520547945205,211,27,322.58538461538467
Sikkim,2000,709.04,6.978387978142077,121,5,-524.9303846153846
Sikkim,2001,800.67,7.5085205479452055,135,7,-433.3003846153846
Sikkim,2002,740.4,7.237534246575342,126,4,-493.57038461538457
Sikkim,2003,793.29,7.2840273972602745,111,9,-440.6803846153846
Sikkim,2004,788.07,7.268825136612022,130,9,-445.9003846153845
Sikkim,2005,854.12,7.3740000000000006,119,10,-379.85038461538454
Sikkim,2006,761.88,7.820082191780822,133,7,-472.09038461538455
Sikkim,2007,914.37,7.570082191780822,138,14,-319.60038461538454
Sikkim,2008,876.35,7.31188524590164,136,10,-357.6203846153845
Sikkim,2009,924.82,7.763835616438357,152,13,-309.1503846153845
Sikkim,2010,1155.04,7.805589041095891,134,21,-78.93038461538458
Sikkim,2011,1064.45,7.1548493150684935,136,16,-169.5203846153845
Sikkim,2012,887.94,7.0660928961748635,146,14,-346.0303846153845
Sikkim,2013,1122.24,7.4924109589041095,130,14,-111.73038461538454
Sikkim,2014,900.5500000000001,7.606328767123287,143,11,-333.4203846153845
Sikkim,2015,951.55,7.551205479452055,130,7,-282.4203846153846
Sikkim,2016,1613.4,7.94224043715847,110,20,379.42961538461554
Sikkim,2017,1475.83,7.764712328767123,109,22,241.85961538461538
Sikkim,2018,1519.09,7.203260273972603,99,20,285.1196153846154
Sikkim,2019,1606.09,7.207095890410959,102,29,372.1196153846154
Sikkim,2020,2089.77,7.143743169398907,98,39,855.7996153846154
Sikkim,2021,1939.65,7.536219178082192,98,35,705.6796153846155
Sikkim,2022,1932.53,7.619232876712329,107,41,698.5596153846154
Sikkim,2023,1707.7,7.56786301369863,111,33,473.7296153846155
Sikkim,2024,2262.61,7.7396721311475405,95,41,1028.6396153846156
Sikkim,2025,1691.78,8.17186301369863,100,24,457.8096153846154
Tamil Nadu,2000,869.23,27.49035519125683,100,17,-2.616153846153793
Tamil Nadu,2001,718.57,27.59994520547945,92,16,-153.27615384615376
Tamil Nadu,2002,580.62,28.073397260273975,98,11,-291.2261538461538
Tamil Nadu,2003,780.58,27.830684931506852,87,16,-91.26615384615377
Tamil Nadu,2004,1032.05,26.995601092896173,87,30,160.20384615384614
Tamil Nadu,2005,1173.76,27.496958904109587,78,29,301.9138461538462
Tamil Nadu,2006,767.54,27.168438356164383,96,15,-104.30615384615385
Tamil Nadu,2007,817.27,27.484904109589042,111,15,-54.57615384615383
Tamil Nadu,2008,1090.22,26.83210382513661,98,21,218.37384615384622
Tamil Nadu,2009,669.54,27.864547945205477,120,14,-202.30615384615385
Tamil Nadu,2010,1047.65,27.564273972602738,103,22,175.80384615384628
Tamil Nadu,2011,875.6,27.123753424657533,109,18,3.7538461538462116
Tamil Nadu,2012,721.77,27.626775956284153,149,15,-150.07615384615383
Tamil Nadu,2013,647.71,28.071643835616438,115,9,-224.13615384615377
Tamil Nadu,2014,698.98,27.860465753424656,105,11,-172.8661538461538
Tamil Nadu,2015,1124.57,27.46641095890411,89,36,252.72384615384613
Tamil Nadu,2016,476.55,28.279016393442625,147,7,-395.2961538461538
Tamil Nadu,2017,830.86,27.863260273972603,98,13,-40.9861538461538
Tamil Nadu,2018,704.21,27.55358904109589,114,13,-167.63615384615377
Tamil Nadu,2019,864.41,28.2746301369863,116,19,-7.436153846153843
Tamil Nadu,2020,968.77,27.69016393442623,99,20,96.92384615384617
Tamil Nadu,2021,1351.6,26.82235616438356,80,32,479.7538461538461
Tamil Nadu,2022,1035.28,26.971068493150685,85,19,163.43384615384616
Tamil Nadu,2023,841.44,27.850767123287675,93,13,-30.406153846153757
Tamil Nadu,2024,1098.77,28.02866120218579,110,30,226.92384615384617
Tamil Nadu,2025,880.45,27.409972602739725,97,14,8.603846153846234
Telangana,2000,906.34,26.100327868852457,170,16,-2.0719230769229853
Telangana,2001,788.25,26.25608219178082,149,13,-120.16192307692302
Telangana,2002,733.3199999999999,26.864821917808218,171,12,-175.09192307692308
Telangana,2003,814.39,26.53983561643836,177,18,-94.02192307692303
Telangana,2004,697.09,25.875081967213116,171,12,-211.32192307692299
Telangana,2005,1192.72,25.735616438356164,152,28,284.308076923077
Telangana,2006,1060.92,25.530657534246576,160,19,152.50807692307706
Telangana,2007,814.85,25.997589041095893,187,19,-93.561923076923
Telangana,2008,1135.18,25.671338797814204,180,23,226.76807692307705
Telangana,2009,783.05,26.790986301369866,191,16,-125.36192307692306
Telangana,2010,1098.45,26.46583561643836,147,27,190.03807692307703
Telangana,2011,658.74,26.034876712328767,171,12,-249.671923076923
Telangana,2012,715.02,26.574153005464478,178,13,-193.39192307692304
Telangana,2013,1081.99,25.651890410958906,158,29,173.578076923077
Telangana,2014,640.19,26.29024657534247,173,15,-268.22192307692296
Telangana,2015,473.58,27.107178082191783,190,5,-434.83192307692303
Telangana,2016,812.22,26.37431693989071,187,17,-96.19192307692299
Telangana,2017,755.5600000000001,26.364493150684932,187,14,-152.85192307692296
Telangana,2018,619.68,26.607150684931508,188,11,-288.73192307692307
Telangana,2019,887.64,26.597917808219176,161,15,-20.77192307692303
Telangana,2020,1246.36,25.740000000000002,150,23,337.9480769230769
Telangana,2021,1148.63,25.572109589041094,150,25,240.2180769230771
Telangana,2022,1126.58,25.71868493150685,166,22,218.1680769230769
Telangana,2023,1069.08,25.948712328767126,180,22,160.6680769230769
Telangana,2024,1007.66,26.48325136612022,155,16,99.24807692307695
Telangana,2025,1351.22,25.297972602739726,156,33,442.808076923077
Tripura,2000,2009.16,24.178688524590164,117,13,-329.6492307692308
Tripura,2001,2098.63,24.370931506849313,122,18,-240.1792307692308
Tripura,2002,2008.36,24.522986301369862,120,7,-330.449230769231
Tripura,2003,1812.5,24.37156164383562,107,13,-526.3092307692309
Tripura,2004,2350.72,24.326830601092897,135,19,11.910769230768892
Tripura,2005,1971.96,24.5412602739726,109,14,-366.84923076923087
Tripura,2006,1824.9,24.875068493150685,128,18,-513.9092307692308
Tripura,2007,2764.31,24.084164383561642,144,32,425.50076923076904
Tripura,2008,1544.38,24.53571038251366,137,7,-794.4292307692308
Tripura,2009,2037.02,24.997342465753427,158,14,-301.7892307692309
Tripura,2010,2234.9900000000002,24.767780821917807,131,14,-103.81923076923067
Tripura,2011,1663.3700000000001,24.562356164383562,147,7,-675.4392307692308
Tripura,2012,1842.61,24.588196721311476,138,6,-496.199230769231
Tripura,2013,1965.83,24.827260273972605,145,15,-372.979230769231
Tripura,2014,1987.22,25.09194520547945,161,15,-351.5892307692309
Tripura,2015,2402.7,24.62616438356164,133,20,63.89076923076891
Tripura,2016,2749.74,25.06292349726776,121,16,410.9307692307689
Tripura,2017,4721.89,24.509315068493148,118,53,2383.0807692307694
Tripura,2018,2698.26,24.16950684931507,128,24,359.4507692307693
Tripura,2019,2963.24,24.67230136986301,131,28,624.4307692307689
Tripura,2020,2604.44,24.333825136612024,120,20,265.63076923076915
Tripura,2021,2184.24,24.68315068493151,129,9,-154.56923076923113
Tripura,2022,2318.06,24.545972602739727,112,19,-20.749230769230962
Tripura,2023,2322.27,25.076246575342466,132,20,-16.539230769230926
Tripura,2024,3137.68,24.67964480874317,110,31,798.8707692307689
Tripura,2025,2590.56,24.814520547945204,122,23,251.75076923076904
Uttar Pradesh,2000,929.04,25.920437158469944,205,16,-0.4846153846153811
Uttar Pradesh,2001,718.83,26.443424657534248,194,11,-210.6946153846153
Uttar Pradesh,2002,683.17,26.962410958904112,194,18,-246.35461538461539
Uttar Pradesh,2003,893.03,25.763890410958904,200,18,-36.49461538461537
Uttar Pradesh,2004,828.23,25.923797814207653,204,16,-101.29461538461533
Uttar Pradesh,2005,802.87,26.008547945205482,188,10,-126.65461538461534
Uttar Pradesh,2006,860.47,26.5761095890411,183,12,-69.05461538461532
Uttar Pradesh,2007,882.31,25.97358904109589,197,20,-47.2146153846154
Uttar Pradesh,2008,1507.77,25.133551912568304,201,32,578.2453846153846
Uttar Pradesh,2009,955.93,25.935178082191783,215,20,26.405384615384605
Uttar Pradesh,2010,808.67,26.23213698630137,208,16,-120.85461538461539
Uttar Pradesh,2011,1041.83,25.406657534246577,210,17,112.30538461538458
Uttar Pradesh,2012,935.34,25.40308743169399,233,19,5.815384615384687
Uttar Pradesh,2013,1005.29,25.188082191780822,194,21,75.76538461538462
Uttar Pradesh,2014,665.35,26.37087671232877,180,10,-264.1746153846153
Uttar Pradesh,2015,629.19,26.667506849315068,188,12,-300.3346153846153
Uttar Pradesh,2016,869.86,26.60890710382514,209,19,-59.66461538461533
Uttar Pradesh,2017,960.07,26.42158904109589,209,21,30.545384615384705
Uttar Pradesh,2018,1216.01,26.099068493150686,226,29,286.48538461538465
Uttar Pradesh,2019,1122.8600000000001,25.41419178082192,196,23,193.33538461538478
Uttar Pradesh,2020,900.43,24.975819672131145,186,21,-29.094615384615395
Uttar Pradesh,2021,1047.85,25.460520547945205,190,20,118.32538461538456
Uttar Pradesh,2022,1104.71,25.61158904109589,206,15,175.1853846153847
Uttar Pradesh,2023,876.75,25.61441095890411,205,16,-52.774615384615345
Uttar Pradesh,2024,919.48,25.907131147540984,223,24,-10.044615384615327
Uttar Pradesh,2025,1002.3,25.350082191780825,200,19,72.77538461538461
Uttarakhand,2000,840.0,19.12521857923497,194,9,-489.52192307692303
Uttarakhand,2001,1352.95,18.864136986301368,197,20,23.428076923077015
Uttarakhand,2002,958.91,19.53504109589041,185,14,-370.61192307692306
Uttarakhand,2003,1273.01,18.850712328767123,196,15,-56.51192307692304
Uttarakhand,2004,1248.58,18.94308743169399,218,20,-80.9419230769231
Uttarakhand,2005,1268.8,18.68654794520548,173,16,-60.721923076923076
Uttarakhand,2006,1165.48,19.338,183,15,-164.041923076923
Uttarakhand,2007,1573.3,18.978383561643835,193,26,243.77807692307692
Uttarakhand,2008,1595.48,18.5025956284153,185,24,265.958076923077
Uttarakhand,2009,1098.18,19.523260273972603,210,13,-231.34192307692297
Uttarakhand,2010,1975.14,19.63241095890411,211,35,645.6180769230771
Uttarakhand,2011,1746.53,18.240054794520546,184,24,417.00807692307694
Uttarakhand,2012,1381.48,18.81849726775956,207,20,51.95807692307699
Uttarakhand,2013,2093.6,18.660986301369864,173,27,764.0780769230769
Uttarakhand,2014,1213.43,18.96323287671233,166,16,-116.09192307692297
Uttarakhand,2015,1237.88,19.051972602739728,161,13,-91.64192307692292
Uttarakhand,2016,957.22,19.962868852459017,173,13,-372.301923076923
Uttarakhand,2017,1127.49,19.50317808219178,173,14,-202.03192307692302
Uttarakhand,2018,1143.2,19.123315068493152,174,17,-186.32192307692299
Uttarakhand,2019,1016.38,18.794986301369864,151,12,-313.14192307692304
Uttarakhand,2020,1211.23,18.285245901639342,157,15,-118.29192307692301
Uttarakhand,2021,1441.96,18.911369863013697,171,16,112.438076923077
Uttarakhand,2022,1348.21,19.143534246575342,170,17,18.688076923077006
Uttarakhand,2023,1467.41,18.74731506849315,158,25,137.88807692307705
Uttarakhand,2024,1247.52,19.470901639344262,188,16,-82.00192307692305
Uttarakhand,2025,1584.2,19.08208219178082,181,23,254.67807692307701
West Bengal,2000,1377.3799999999999,25.313360655737707,136,12,-101.60269230769245
West Bengal,2001,1463.52,25.591972602739727,139,16,-15.46269230769235
West Bengal,2002,1262.33,25.780602739726028,142,13,-216.6526923076924
West Bengal,2003,1267.62,25.851397260273973,116,9,-211.36269230769244
West Bengal,2004,1283.95,25.711967213114754,166,16,-195.0326923076923
West Bengal,2005,1247.68,25.969780821917805,132,21,-231.30269230769227
West Bengal,2006,1340.4,25.843616438356165,148,17,-138.58269230769224
West Bengal,2007,1902.1200000000001,25.37268493150685,138,28,423.1373076923078
West Bengal,2008,1450.92,25.2077868852459,155,18,-28.06269230769226
West Bengal,2009,1510.69,25.876465753424657,167,19,31.707307692307722
West Bengal,2010,1308.79,26.1341095890411,147,17,-170.19269230769237
West Bengal,2011,1679.12,25.55372602739726,153,25,200.13730769230756
West Bengal,2012,1177.07,25.505819672131146,158,8,-301.9126923076924
West Bengal,2013,1710.3,25.459561643835617,153,23,231.31730769230762
West Bengal,2014,1213.25,25.594904109589038,169,13,-265.73269230769233
West Bengal,2015,1551.02,26.0592602739726,146,24,72.03730769230765
West Bengal,2016,1558.93,26.43587431693989,145,21,79.94730769230773
West Bengal,2017,1934.75,26.015095890410958,129,24,455.76730769230767
West Bengal,2018,1288.06,25.398630136986302,145,17,-190.9226923076924
West Bengal,2019,1409.8,26.195013698630138,129,19,-69.18269230769238
West Bengal,2020,1627.8,25.244590163934426,112,15,148.81730769230762
West Bengal,2021,2062.21,25.973835616438357,141,28,583.2273076923077
West Bengal,2022,1194.49,25.45169863013699,138,11,-284.4926923076923
West Bengal,2023,1314.34,26.641178082191782,151,15,-164.6426923076924
West Bengal,2024,1734.57,26.212295081967216,116,22,255.5873076923076
West Bengal,2025,1582.44,25.47309589041096,153,24,103.45730769230772
